<?xml version="1.0" encoding="UTF-8"?>
<!DOCTYPE mapper PUBLIC "-//mybatis.org//DTD Mapper 3.0//EN"
        "http://mybatis.org/dtd/mybatis-3-mapper.dtd">
        
<mapper namespace="com.acorn.TourUpdateMapper">

	<!-- 로그인 -->
	<!--  
	<select id="login" resultType="com.acorn.update.User">
		select userid, pw from USERTBL where userid = #{userid}and pw=#{pw}
	</select>
	-->
	
	<!-- 아이디로 사용자 정보 조회 -->
	<select id="selectOne" resultType="User" parameterType="String">
		select * from USERTBL WHERE userid = #{userid}
	</select>
	
	<!-- 회원정보 수정 -->
	<update id="updateUser" parameterType="com.acorn.update.User">
		update USERTBL set nickname=#{nickname},pw=#{pw} where userid = #{userid} 
	</update>
	
	<!-- 닉네임 중복 -->
	<select id="checkNickname" resultType="Integer" parameterType="String">
		select count(*)from usertbl where nickname = #{nickname}
	</select>
</mapper>        